client_id;first_name;last_name;email;city;signup_date;favorite_product_id
1;Camille;Dupont;camille.dupont@example.fr;Toulouse;2022-04-24;209
2;Raphael;Lambert;raphael.lambert@example.fr;Toulouse;2024-08-21;365
3;Raphael;Girard;raphael.girard@example.fr;Paris;2022-05-08;208
4;Thomas;Lefebvre;thomas.lefebvre@example.fr;Bordeaux;2024-10-12;243
5;Sophie;Dupont;sophie.dupont@example.fr;Nantes;2023-12-18;170
6;Nathan;Faure;nathan.faure@example.fr;Strasbourg;2023-05-09;119
7;Hugo;Andre;hugo.andre@example.fr;Toulouse;2023-02-24;275
8;Alexandre;Faure;alexandre.faure@example.fr;Marseille;2022-04-24;248
9;Sarah;Andre;sarah.andre@example.fr;Grenoble;2024-10-10;52
10;Victor;Michel;victor.michel@example.fr;Bordeaux;2022-06-06;155
11;Camille;Faure;camille.faure@example.fr;Rennes;2022-05-02;499
12;Lucas;Lambert;lucas.lambert@example.fr;Bordeaux;2024-03-21;445
13;Alexandre;Bonnet;alexandre.bonnet@example.fr;Lyon;2022-10-10;241
14;Raphael;Girard;raphael.girard2@example.fr;Nantes;2022-01-09;482
15;Alice;Bonnet;alice.bonnet@example.fr;Lyon;2022-07-16;38
16;Maxime;Vincent;maxime.vincent@example.fr;Nice;2022-03-05;416
17;Maxime;Roux;maxime.roux@example.fr;Lyon;2022-02-18;392
18;Gabriel;Rousseau;gabriel.rousseau@example.fr;Grenoble;2024-04-25;268
19;Pauline;Girard;pauline.girard@example.fr;Strasbourg;2023-10-14;157
20;Maxime;Rousseau;maxime.rousseau@example.fr;Paris;2024-12-04;486
21;Alexandre;Michel;alexandre.michel@example.fr;Nice;2022-05-22;42
22;Louis;Lefebvre;louis.lefebvre@example.fr;Marseille;2024-02-06;2
23;Gabriel;Girard;gabriel.girard@example.fr;Montpellier;2024-08-10;17
24;Jules;Roux;jules.roux@example.fr;Montpellier;2023-12-28;233
25;Emma;Muller;emma.muller@example.fr;Toulouse;2023-11-19;339
26;Nina;Chevalier;nina.chevalier@example.fr;Toulouse;2023-02-18;116
27;Antoine;Laurent;antoine.laurent@example.fr;Bordeaux;2022-02-02;85
28;Nina;Roux;nina.roux@example.fr;Grenoble;2024-10-10;225
29;Hugo;Girard;hugo.girard@example.fr;Montpellier;2023-12-13;483
30;Sarah;Dupont;sarah.dupont@example.fr;Rennes;2023-08-03;307
31;Lucas;Garnier;lucas.garnier@example.fr;Lille;2024-06-20;129
32;Camille;Dubois;camille.dubois@example.fr;Toulouse;2024-10-19;487
33;Camille;Mercier;camille.mercier@example.fr;Nice;2023-10-02;391
34;Alexandre;Simon;alexandre.simon@example.fr;Strasbourg;2024-11-15;470
35;Sarah;Simon;sarah.simon@example.fr;Grenoble;2023-11-27;252
36;Emma;Bonnet;emma.bonnet@example.fr;Nantes;2023-06-11;344
37;Hugo;Boyer;hugo.boyer@example.fr;Marseille;2023-07-23;254
38;Arthur;Muller;arthur.muller@example.fr;Lille;2024-01-15;46
39;Lea;Leroy;lea.leroy@example.fr;Nantes;2022-07-28;264
40;Victor;Martin;victor.martin@example.fr;Nice;2024-08-14;28
41;Manon;Dupont;manon.dupont@example.fr;Nantes;2024-08-21;227
42;Alexandre;Bernard;alexandre.bernard@example.fr;Toulouse;2023-09-05;475
43;Arthur;Girard;arthur.girard@example.fr;Montpellier;2023-02-01;499
44;Antoine;Rousseau;antoine.rousseau@example.fr;Toulouse;2024-03-10;283
45;Camille;Lambert;camille.lambert@example.fr;Lille;2022-04-27;468
46;Hugo;Girard;hugo.girard2@example.fr;Lyon;2024-03-16;478
47;Thomas;Roux;thomas.roux@example.fr;Rennes;2024-05-14;428
48;Raphael;Bonnet;raphael.bonnet@example.fr;Toulouse;2023-09-05;197
49;Manon;Chevalier;manon.chevalier@example.fr;Grenoble;2024-12-05;443
50;Emma;Leroy;emma.leroy@example.fr;Lille;2023-09-09;421
51;Camille;Roux;camille.roux@example.fr;Montpellier;2023-10-19;338
52;Raphael;Boyer;raphael.boyer@example.fr;Marseille;2023-09-16;177
53;Lea;Lambert;lea.lambert@example.fr;Rennes;2023-08-11;446
54;Manon;Faure;manon.faure@example.fr;Toulouse;2024-07-08;439
55;Alexandre;Fournier;alexandre.fournier@example.fr;Paris;2023-12-16;362
56;Margaux;Blanchard;margaux.blanchard@example.fr;Lille;2023-11-26;421
57;Antoine;Laurent;antoine.laurent2@example.fr;Strasbourg;2022-03-17;495
58;Maxime;David;maxime.david@example.fr;Lyon;2023-02-17;467
59;Ines;Martin;ines.martin@example.fr;Montpellier;2022-07-28;336
60;Chloe;Dubois;chloe.dubois@example.fr;Strasbourg;2023-06-20;355
61;Pauline;Vincent;pauline.vincent@example.fr;Lyon;2023-11-28;274
62;Pauline;David;pauline.david@example.fr;Nice;2024-08-28;278
63;Lucas;Rousseau;lucas.rousseau@example.fr;Lyon;2022-11-22;472
64;Arthur;Lefebvre;arthur.lefebvre@example.fr;Montpellier;2022-07-04;390
65;Antoine;Faure;antoine.faure@example.fr;Lyon;2023-03-23;154
66;Enzo;Martin;enzo.martin@example.fr;Paris;2023-01-10;184
67;Nathan;Fournier;nathan.fournier@example.fr;Marseille;2022-09-14;290
68;Marie;Blanchard;marie.blanchard@example.fr;Marseille;2022-03-03;313
69;Alice;Morel;alice.morel@example.fr;Grenoble;2024-04-16;468
70;Maxime;Laurent;maxime.laurent@example.fr;Toulouse;2023-11-09;236
71;Sarah;Muller;sarah.muller@example.fr;Paris;2023-05-22;280
72;Louis;Dubois;louis.dubois@example.fr;Strasbourg;2023-10-10;328
73;Gabriel;Faure;gabriel.faure@example.fr;Bordeaux;2023-05-07;197
74;Alice;Bonnet;alice.bonnet2@example.fr;Lyon;2022-07-19;184
75;Maxime;Roux;maxime.roux2@example.fr;Montpellier;2023-01-27;338
76;Pauline;Leroy;pauline.leroy@example.fr;Paris;2024-11-25;382
77;Lucas;Chevalier;lucas.chevalier@example.fr;Grenoble;2024-08-27;463
78;Enzo;Roux;enzo.roux@example.fr;Toulouse;2024-06-08;326
79;Manon;Rousseau;manon.rousseau@example.fr;Bordeaux;2024-12-25;338
80;Marie;Guerin;marie.guerin@example.fr;Marseille;2024-02-21;331
81;Lucas;Roux;lucas.roux@example.fr;Strasbourg;2022-10-12;375
82;Chloe;Dubois;chloe.dubois2@example.fr;Bordeaux;2023-12-14;90
83;Manon;Laurent;manon.laurent@example.fr;Rennes;2023-09-17;468
84;Sarah;Guerin;sarah.guerin@example.fr;Marseille;2023-08-26;152
85;Laura;Boyer;laura.boyer@example.fr;Nantes;2022-08-03;73
86;Alexandre;Lefebvre;alexandre.lefebvre@example.fr;Nice;2024-11-13;496
87;Alice;Blanchard;alice.blanchard@example.fr;Rennes;2023-02-26;203
88;Camille;Leroy;camille.leroy@example.fr;Rennes;2022-08-12;345
89;Laura;Muller;laura.muller@example.fr;Bordeaux;2024-07-27;327
90;Nathan;Moreau;nathan.moreau@example.fr;Nice;2022-08-01;318
91;Enzo;Lambert;enzo.lambert@example.fr;Nantes;2024-04-21;33
92;Antoine;Guerin;antoine.guerin@example.fr;Strasbourg;2024-05-21;210
93;Hugo;Laurent;hugo.laurent@example.fr;Paris;2022-05-16;60
94;Hugo;Lefebvre;hugo.lefebvre@example.fr;Rennes;2022-07-15;190
95;Marie;Andre;marie.andre@example.fr;Montpellier;2024-07-19;381
96;Laura;Laurent;laura.laurent@example.fr;Lille;2024-02-27;251
97;Juliette;Fournier;juliette.fournier@example.fr;Bordeaux;2022-12-12;112
98;Ines;Girard;ines.girard@example.fr;Toulouse;2023-02-22;189
99;Sophie;Garnier;sophie.garnier@example.fr;Nice;2023-01-13;142
100;Manon;Moreau;manon.moreau@example.fr;Strasbourg;2022-11-07;329
101;Antoine;Rousseau;antoine.rousseau2@example.fr;Paris;2022-06-08;65
102;Nina;Fontaine;nina.fontaine@example.fr;Toulouse;2022-09-07;301
103;Manon;Guerin;manon.guerin@example.fr;Toulouse;2023-03-26;462
104;Juliette;Martin;juliette.martin@example.fr;Bordeaux;2022-03-18;129
105;Nina;Simon;nina.simon@example.fr;Lyon;2024-01-05;8
106;Nathan;Blanchard;nathan.blanchard@example.fr;Toulouse;2024-06-01;90
107;Sarah;Bernard;sarah.bernard@example.fr;Marseille;2024-07-17;59
108;Laura;Dubois;laura.dubois@example.fr;Strasbourg;2023-06-17;304
109;Hugo;Girard;hugo.girard3@example.fr;Rennes;2022-10-02;373
110;Nina;Chevalier;nina.chevalier2@example.fr;Nice;2024-05-15;330
111;Camille;Bernard;camille.bernard@example.fr;Strasbourg;2023-07-22;56
112;Raphael;Faure;raphael.faure@example.fr;Strasbourg;2022-02-11;312
113;Chloe;Dubois;chloe.dubois3@example.fr;Marseille;2023-10-21;300
114;Sophie;Faure;sophie.faure@example.fr;Nantes;2023-10-17;151
115;Ines;Dupont;ines.dupont@example.fr;Grenoble;2023-02-26;360
116;Hugo;Boyer;hugo.boyer2@example.fr;Nice;2024-09-24;444
117;Manon;Fournier;manon.fournier@example.fr;Strasbourg;2022-07-11;424
118;Ines;Morel;ines.morel@example.fr;Lille;2024-02-11;219
119;Lea;Muller;lea.muller@example.fr;Bordeaux;2023-03-22;473
120;Raphael;Dubois;raphael.dubois@example.fr;Lyon;2022-02-14;50
121;Laura;Andre;laura.andre@example.fr;Nantes;2022-09-02;301
122;Sophie;Lambert;sophie.lambert@example.fr;Nantes;2024-02-14;182
123;Alice;Muller;alice.muller@example.fr;Lille;2024-01-10;308
124;Arthur;Bertrand;arthur.bertrand@example.fr;Lyon;2024-09-07;80
125;Marie;Bonnet;marie.bonnet@example.fr;Toulouse;2022-06-28;285
126;Nathan;Moreau;nathan.moreau2@example.fr;Bordeaux;2024-04-26;220
127;Alice;Lambert;alice.lambert@example.fr;Grenoble;2024-11-21;286
128;Camille;Rousseau;camille.rousseau@example.fr;Nice;2024-05-01;93
129;Sarah;Faure;sarah.faure@example.fr;Bordeaux;2023-06-01;93
130;Alice;Laurent;alice.laurent@example.fr;Grenoble;2024-07-03;73
131;Laura;Vincent;laura.vincent@example.fr;Paris;2022-12-17;111
132;Pauline;Fournier;pauline.fournier@example.fr;Strasbourg;2023-03-12;160
133;Laura;David;laura.david@example.fr;Grenoble;2024-02-02;80
134;Louis;Mercier;louis.mercier@example.fr;Grenoble;2022-11-03;140
135;Ines;Muller;ines.muller@example.fr;Lille;2023-10-15;213
136;Sarah;Michel;sarah.michel@example.fr;Rennes;2022-06-14;57
137;Arthur;Muller;arthur.muller2@example.fr;Nice;2024-08-17;342
138;Arthur;Bernard;arthur.bernard@example.fr;Toulouse;2023-10-02;4
139;Manon;Roux;manon.roux@example.fr;Toulouse;2022-05-10;168
140;Hugo;Martin;hugo.martin@example.fr;Strasbourg;2024-07-06;67
141;Pauline;Lambert;pauline.lambert@example.fr;Montpellier;2022-09-18;427
142;Marie;Blanchard;marie.blanchard2@example.fr;Nantes;2022-07-28;380
143;Lucas;Fournier;lucas.fournier@example.fr;Paris;2023-02-28;161
144;Maxime;Fournier;maxime.fournier@example.fr;Grenoble;2023-12-21;214
145;Arthur;Moreau;arthur.moreau@example.fr;Lille;2022-06-06;411
146;Juliette;Girard;juliette.girard@example.fr;Montpellier;2023-02-14;433
147;Hugo;Lefebvre;hugo.lefebvre2@example.fr;Lille;2024-07-17;41
148;Pauline;Boyer;pauline.boyer@example.fr;Bordeaux;2024-06-08;171
149;Alexandre;Simon;alexandre.simon2@example.fr;Lyon;2024-11-04;272
150;Clement;Michel;clement.michel@example.fr;Nantes;2023-12-27;331
151;Victor;Laurent;victor.laurent@example.fr;Toulouse;2022-03-09;102
152;Louis;Rousseau;louis.rousseau@example.fr;Marseille;2024-02-06;488
153;Alexandre;Vincent;alexandre.vincent@example.fr;Strasbourg;2023-10-25;297
154;Ines;Muller;ines.muller2@example.fr;Grenoble;2024-11-20;166
155;Alice;Vincent;alice.vincent@example.fr;Nantes;2022-08-03;241
156;Ines;Vincent;ines.vincent@example.fr;Bordeaux;2023-10-02;181
157;Clement;Dubois;clement.dubois@example.fr;Bordeaux;2023-08-02;30
158;Nathan;Guerin;nathan.guerin@example.fr;Bordeaux;2022-11-28;438
159;Emma;Rousseau;emma.rousseau@example.fr;Grenoble;2024-07-15;298
160;Sophie;Blanchard;sophie.blanchard@example.fr;Montpellier;2022-08-26;293
161;Antoine;Michel;antoine.michel@example.fr;Nantes;2024-08-17;78
162;Lucas;Girard;lucas.girard@example.fr;Lyon;2023-12-03;259
163;Antoine;Simon;antoine.simon@example.fr;Paris;2022-12-15;225
164;Clement;Dupont;clement.dupont@example.fr;Grenoble;2022-06-12;470
165;Arthur;Morel;arthur.morel@example.fr;Lille;2023-11-20;27
166;Nina;Vincent;nina.vincent@example.fr;Nice;2023-02-11;49
167;Sophie;Muller;sophie.muller@example.fr;Lille;2023-05-24;437
168;Marie;Chevalier;marie.chevalier@example.fr;Grenoble;2022-06-03;299
169;Marie;Laurent;marie.laurent@example.fr;Nantes;2023-11-23;340
170;Pauline;Laurent;pauline.laurent@example.fr;Grenoble;2024-02-10;287
171;Pauline;Vincent;pauline.vincent2@example.fr;Nantes;2022-11-23;425
172;Laura;Muller;laura.muller2@example.fr;Rennes;2022-11-22;217
173;Clement;Bertrand;clement.bertrand@example.fr;Paris;2023-05-06;487
174;Manon;David;manon.david@example.fr;Strasbourg;2022-04-05;80
175;Emma;Roux;emma.roux@example.fr;Lyon;2024-09-27;379
176;Enzo;Dupont;enzo.dupont@example.fr;Paris;2024-06-25;317
177;Chloe;Rousseau;chloe.rousseau@example.fr;Lille;2022-03-06;426
178;Thomas;Mercier;thomas.mercier@example.fr;Grenoble;2022-12-15;23
179;Gabriel;Bertrand;gabriel.bertrand@example.fr;Nice;2024-04-15;313
180;Arthur;Mercier;arthur.mercier@example.fr;Montpellier;2023-04-18;123
181;Arthur;Blanchard;arthur.blanchard@example.fr;Strasbourg;2022-06-22;485
182;Maxime;Girard;maxime.girard@example.fr;Strasbourg;2023-07-17;271
183;Gabriel;Simon;gabriel.simon@example.fr;Toulouse;2024-03-28;129
184;Lucas;Vincent;lucas.vincent@example.fr;Strasbourg;2023-09-04;365
185;Alice;Dupont;alice.dupont@example.fr;Lyon;2023-02-25;83
186;Sarah;Girard;sarah.girard@example.fr;Rennes;2022-07-03;485
187;Margaux;Lefebvre;margaux.lefebvre@example.fr;Strasbourg;2023-01-14;28
188;Pauline;Dupont;pauline.dupont@example.fr;Nantes;2022-07-03;192
189;Jules;Martin;jules.martin@example.fr;Nantes;2022-12-21;172
190;Nina;Laurent;nina.laurent@example.fr;Marseille;2022-05-27;242
191;Thomas;Guerin;thomas.guerin@example.fr;Marseille;2024-08-15;316
192;Camille;Garnier;camille.garnier@example.fr;Lyon;2022-05-07;428
193;Chloe;Lambert;chloe.lambert@example.fr;Montpellier;2024-09-14;57
194;Alexandre;Roux;alexandre.roux@example.fr;Toulouse;2023-02-02;123
195;Gabriel;Vincent;gabriel.vincent@example.fr;Grenoble;2023-02-04;429
196;Enzo;Bonnet;enzo.bonnet@example.fr;Grenoble;2024-01-21;264
197;Maxime;Lefebvre;maxime.lefebvre@example.fr;Montpellier;2022-05-14;1
198;Juliette;Bertrand;juliette.bertrand@example.fr;Toulouse;2024-07-06;341
199;Marie;Dubois;marie.dubois@example.fr;Rennes;2023-02-17;279
200;Clement;Blanchard;clement.blanchard@example.fr;Rennes;2024-01-13;448
201;Raphael;Bernard;raphael.bernard@example.fr;Nice;2023-06-09;383
202;Camille;Bertrand;camille.bertrand@example.fr;Lyon;2023-04-24;337
203;Antoine;Moreau;antoine.moreau@example.fr;Grenoble;2024-06-05;23
204;Nathan;Lambert;nathan.lambert@example.fr;Nantes;2024-03-27;399
205;Marie;Girard;marie.girard@example.fr;Montpellier;2023-11-06;416
206;Chloe;Dubois;chloe.dubois4@example.fr;Montpellier;2023-01-10;104
207;Lucas;Blanchard;lucas.blanchard@example.fr;Toulouse;2022-06-10;264
208;Pauline;Guerin;pauline.guerin@example.fr;Rennes;2023-05-02;386
209;Antoine;Michel;antoine.michel2@example.fr;Bordeaux;2023-01-28;336
210;Lea;Leroy;lea.leroy2@example.fr;Lyon;2023-07-13;381
211;Ines;Garnier;ines.garnier@example.fr;Lille;2023-03-16;355
212;Raphael;Bertrand;raphael.bertrand@example.fr;Rennes;2023-02-24;218
213;Emma;Fournier;emma.fournier@example.fr;Grenoble;2022-09-10;165
214;Hugo;Dubois;hugo.dubois@example.fr;Nantes;2024-05-10;229
215;Juliette;Faure;juliette.faure@example.fr;Lille;2022-12-15;180
216;Ines;Bernard;ines.bernard@example.fr;Montpellier;2023-10-14;141
217;Antoine;Blanchard;antoine.blanchard@example.fr;Paris;2022-11-21;208
218;Nathan;Dupont;nathan.dupont@example.fr;Montpellier;2024-03-01;74
219;Alice;Rousseau;alice.rousseau@example.fr;Nice;2023-01-05;35
220;Jules;Mercier;jules.mercier@example.fr;Nice;2023-06-13;487
221;Maxime;Bernard;maxime.bernard@example.fr;Grenoble;2022-11-15;486
222;Nathan;Bertrand;nathan.bertrand@example.fr;Strasbourg;2022-10-05;272
223;Nathan;Morel;nathan.morel@example.fr;Nantes;2024-05-08;492
224;Hugo;Martin;hugo.martin2@example.fr;Montpellier;2022-08-17;199
225;Margaux;Lambert;margaux.lambert@example.fr;Lyon;2023-05-23;229
226;Manon;Rousseau;manon.rousseau2@example.fr;Bordeaux;2024-08-07;63
227;Chloe;Boyer;chloe.boyer@example.fr;Lyon;2023-03-23;228
228;Emma;Blanchard;emma.blanchard@example.fr;Nice;2023-11-12;364
229;Emma;Lambert;emma.lambert@example.fr;Rennes;2023-05-28;81
230;Thomas;Faure;thomas.faure@example.fr;Montpellier;2024-03-26;186
231;Clement;Lefebvre;clement.lefebvre@example.fr;Lyon;2022-03-08;405
232;Raphael;Martin;raphael.martin@example.fr;Nantes;2024-10-12;240
233;Nina;Lambert;nina.lambert@example.fr;Marseille;2024-02-03;159
234;Pauline;Faure;pauline.faure@example.fr;Montpellier;2023-09-14;394
235;Gabriel;Guerin;gabriel.guerin@example.fr;Grenoble;2022-03-11;329
236;Emma;Girard;emma.girard@example.fr;Strasbourg;2024-09-12;66
237;Enzo;Guerin;enzo.guerin@example.fr;Rennes;2024-10-06;394
238;Chloe;Fournier;chloe.fournier@example.fr;Rennes;2022-02-17;79
239;Arthur;Simon;arthur.simon@example.fr;Marseille;2023-12-08;178
240;Clement;Garnier;clement.garnier@example.fr;Bordeaux;2022-05-07;326
241;Sophie;Leroy;sophie.leroy@example.fr;Marseille;2024-05-20;274
242;Emma;Dupont;emma.dupont@example.fr;Nice;2022-10-19;79
243;Louis;Muller;louis.muller@example.fr;Grenoble;2024-10-11;432
244;Margaux;Fontaine;margaux.fontaine@example.fr;Paris;2022-02-02;486
245;Antoine;Mercier;antoine.mercier@example.fr;Grenoble;2023-11-07;393
246;Maxime;Fournier;maxime.fournier2@example.fr;Grenoble;2024-01-16;456
247;Antoine;Lambert;antoine.lambert@example.fr;Bordeaux;2024-05-16;126
248;Nina;Blanchard;nina.blanchard@example.fr;Nice;2023-05-15;38
249;Thomas;Bernard;thomas.bernard@example.fr;Marseille;2023-07-16;238
250;Manon;David;manon.david2@example.fr;Grenoble;2022-06-28;368
251;Lea;Andre;lea.andre@example.fr;Nantes;2023-03-25;190
252;Clement;Lambert;clement.lambert@example.fr;Lyon;2023-04-15;63
253;Sarah;Girard;sarah.girard2@example.fr;Toulouse;2022-02-02;149
254;Pauline;Boyer;pauline.boyer2@example.fr;Grenoble;2023-04-28;462
255;Louis;Guerin;louis.guerin@example.fr;Nantes;2024-12-11;98
256;Alexandre;Simon;alexandre.simon3@example.fr;Strasbourg;2024-08-16;451
257;Arthur;Bonnet;arthur.bonnet@example.fr;Paris;2022-07-17;235
258;Jules;Michel;jules.michel@example.fr;Grenoble;2023-01-02;145
259;Raphael;Rousseau;raphael.rousseau@example.fr;Nice;2024-08-10;275
260;Camille;Boyer;camille.boyer@example.fr;Lyon;2023-03-09;373
261;Nathan;Mercier;nathan.mercier@example.fr;Lille;2023-01-13;27
262;Maxime;Lambert;maxime.lambert@example.fr;Toulouse;2023-09-10;38
263;Pauline;Dupont;pauline.dupont2@example.fr;Strasbourg;2024-05-27;320
264;Marie;Rousseau;marie.rousseau@example.fr;Lyon;2022-02-13;192
265;Nina;David;nina.david@example.fr;Rennes;2023-03-07;309
266;Clement;Morel;clement.morel@example.fr;Rennes;2022-01-02;71
267;Thomas;David;thomas.david@example.fr;Strasbourg;2024-08-05;311
268;Enzo;Dupont;enzo.dupont2@example.fr;Marseille;2023-10-11;84
269;Pauline;Rousseau;pauline.rousseau@example.fr;Montpellier;2023-10-11;260
270;Victor;Dupont;victor.dupont@example.fr;Rennes;2023-12-19;154
271;Raphael;Guerin;raphael.guerin@example.fr;Paris;2023-06-22;57
272;Gabriel;Fontaine;gabriel.fontaine@example.fr;Bordeaux;2024-12-21;14
273;Juliette;Bonnet;juliette.bonnet@example.fr;Bordeaux;2024-10-19;117
274;Laura;Bernard;laura.bernard@example.fr;Grenoble;2023-03-17;323
275;Laura;Rousseau;laura.rousseau@example.fr;Lille;2022-11-08;17
276;Maxime;Faure;maxime.faure@example.fr;Lyon;2022-01-15;161
277;Gabriel;Laurent;gabriel.laurent@example.fr;Lille;2024-04-14;257
278;Alexandre;Rousseau;alexandre.rousseau@example.fr;Strasbourg;2024-12-02;362
279;Chloe;Dupont;chloe.dupont@example.fr;Toulouse;2024-06-22;245
280;Clement;Morel;clement.morel2@example.fr;Nantes;2022-08-18;176
281;Sophie;Bertrand;sophie.bertrand@example.fr;Nice;2024-11-21;412
282;Thomas;Leroy;thomas.leroy@example.fr;Grenoble;2023-04-08;143
283;Sophie;Roux;sophie.roux@example.fr;Toulouse;2023-05-23;107
284;Thomas;Faure;thomas.faure2@example.fr;Strasbourg;2023-08-12;287
285;Margaux;Chevalier;margaux.chevalier@example.fr;Montpellier;2023-05-04;294
286;Marie;Lambert;marie.lambert@example.fr;Lille;2023-06-25;412
287;Chloe;Roux;chloe.roux@example.fr;Paris;2023-12-03;178
288;Margaux;Girard;margaux.girard@example.fr;Nice;2023-12-16;110
289;Manon;Guerin;manon.guerin2@example.fr;Rennes;2023-09-23;140
290;Chloe;Moreau;chloe.moreau@example.fr;Grenoble;2024-10-08;125
291;Lucas;Muller;lucas.muller@example.fr;Rennes;2022-11-08;27
292;Hugo;Fournier;hugo.fournier@example.fr;Nantes;2024-08-04;349
293;Alexandre;Laurent;alexandre.laurent@example.fr;Paris;2024-03-14;335
294;Margaux;Garnier;margaux.garnier@example.fr;Strasbourg;2023-11-07;388
295;Arthur;David;arthur.david@example.fr;Bordeaux;2024-01-25;46
296;Antoine;Fontaine;antoine.fontaine@example.fr;Toulouse;2024-12-24;436
297;Margaux;Bernard;margaux.bernard@example.fr;Marseille;2023-03-02;429
298;Pauline;Blanchard;pauline.blanchard@example.fr;Strasbourg;2022-12-28;475
299;Arthur;Garnier;arthur.garnier@example.fr;Paris;2022-05-19;309
300;Hugo;Chevalier;hugo.chevalier@example.fr;Nantes;2023-08-21;279
301;Clement;Bonnet;clement.bonnet@example.fr;Marseille;2024-08-09;99
302;Nina;Moreau;nina.moreau@example.fr;Nantes;2022-12-15;332
303;Sarah;Faure;sarah.faure2@example.fr;Marseille;2022-12-11;405
304;Arthur;Fontaine;arthur.fontaine@example.fr;Nice;2022-03-20;439
305;Antoine;Garnier;antoine.garnier@example.fr;Lille;2023-09-11;45
306;Pauline;Muller;pauline.muller@example.fr;Lyon;2022-03-16;166
307;Margaux;Lefebvre;margaux.lefebvre2@example.fr;Paris;2023-07-08;229
308;Alexandre;Leroy;alexandre.leroy@example.fr;Nantes;2023-10-24;294
309;Camille;Leroy;camille.leroy2@example.fr;Nice;2023-12-08;32
310;Marie;Moreau;marie.moreau@example.fr;Strasbourg;2023-03-13;352
311;Clement;Chevalier;clement.chevalier@example.fr;Montpellier;2023-12-04;328
312;Margaux;Roux;margaux.roux@example.fr;Nantes;2024-04-08;491
313;Chloe;Bonnet;chloe.bonnet@example.fr;Marseille;2023-12-20;192
314;Gabriel;Faure;gabriel.faure2@example.fr;Rennes;2023-09-26;341
315;Victor;Michel;victor.michel2@example.fr;Toulouse;2024-10-28;404
316;Emma;Dupont;emma.dupont2@example.fr;Strasbourg;2024-12-12;40
317;Margaux;Fontaine;margaux.fontaine2@example.fr;Lyon;2022-09-17;104
318;Maxime;Lambert;maxime.lambert2@example.fr;Marseille;2022-06-28;267
319;Ines;Moreau;ines.moreau@example.fr;Nice;2022-12-19;251
320;Emma;Garnier;emma.garnier@example.fr;Rennes;2023-01-15;68
321;Clement;Fournier;clement.fournier@example.fr;Strasbourg;2024-01-18;237
322;Marie;Blanchard;marie.blanchard3@example.fr;Bordeaux;2024-01-13;131
323;Victor;Martin;victor.martin2@example.fr;Montpellier;2022-10-03;24
324;Gabriel;Bertrand;gabriel.bertrand2@example.fr;Montpellier;2022-09-02;479
325;Enzo;Dubois;enzo.dubois@example.fr;Strasbourg;2022-05-14;93
326;Alexandre;Laurent;alexandre.laurent2@example.fr;Nice;2024-11-14;192
327;Enzo;Morel;enzo.morel@example.fr;Strasbourg;2023-07-03;350
328;Marie;Boyer;marie.boyer@example.fr;Rennes;2022-11-28;179
329;Hugo;Simon;hugo.simon@example.fr;Rennes;2023-09-05;373
330;Jules;Guerin;jules.guerin@example.fr;Paris;2022-05-15;345
331;Laura;Lambert;laura.lambert@example.fr;Lille;2024-07-27;118
332;Jules;Girard;jules.girard@example.fr;Nantes;2022-05-07;480
333;Enzo;Andre;enzo.andre@example.fr;Lyon;2022-11-14;315
334;Alexandre;Chevalier;alexandre.chevalier@example.fr;Paris;2022-04-03;52
335;Juliette;Bernard;juliette.bernard@example.fr;Strasbourg;2024-11-23;447
336;Lucas;Lefebvre;lucas.lefebvre@example.fr;Montpellier;2022-07-15;120
337;Sophie;Michel;sophie.michel@example.fr;Paris;2022-09-10;120
338;Victor;Chevalier;victor.chevalier@example.fr;Montpellier;2024-06-19;307
339;Alexandre;Muller;alexandre.muller@example.fr;Nantes;2022-05-05;339
340;Clement;Lefebvre;clement.lefebvre2@example.fr;Lille;2023-05-02;286
341;Maxime;Garnier;maxime.garnier@example.fr;Montpellier;2022-11-22;219
342;Sophie;Bonnet;sophie.bonnet@example.fr;Paris;2023-11-22;196
343;Nina;Dupont;nina.dupont@example.fr;Nantes;2024-07-14;77
344;Arthur;Morel;arthur.morel2@example.fr;Marseille;2024-08-08;435
345;Jules;Roux;jules.roux2@example.fr;Montpellier;2022-08-02;288
346;Gabriel;Fournier;gabriel.fournier@example.fr;Rennes;2024-03-13;125
347;Sarah;Michel;sarah.michel2@example.fr;Nantes;2024-02-15;434
348;Nathan;Dubois;nathan.dubois@example.fr;Rennes;2024-04-02;138
349;Pauline;Muller;pauline.muller2@example.fr;Grenoble;2024-01-28;38
350;Manon;Blanchard;manon.blanchard@example.fr;Grenoble;2024-11-18;112
351;Raphael;Michel;raphael.michel@example.fr;Nantes;2023-01-07;480
352;Manon;Andre;manon.andre@example.fr;Lyon;2024-08-08;357
353;Juliette;Faure;juliette.faure2@example.fr;Toulouse;2023-04-18;165
354;Alexandre;Roux;alexandre.roux2@example.fr;Lille;2023-09-21;184
355;Arthur;Leroy;arthur.leroy@example.fr;Nantes;2024-08-15;51
356;Nina;Andre;nina.andre@example.fr;Strasbourg;2023-04-12;161
357;Gabriel;Bernard;gabriel.bernard@example.fr;Grenoble;2022-12-05;9
358;Sarah;Lambert;sarah.lambert@example.fr;Grenoble;2024-12-14;152
359;Chloe;Michel;chloe.michel@example.fr;Nantes;2022-07-19;427
360;Jules;Bonnet;jules.bonnet@example.fr;Rennes;2024-11-11;132
361;Alexandre;Guerin;alexandre.guerin@example.fr;Strasbourg;2024-11-24;252
362;Ines;Simon;ines.simon@example.fr;Montpellier;2023-03-05;369
363;Sophie;Bonnet;sophie.bonnet2@example.fr;Marseille;2024-11-02;269
364;Lucas;Guerin;lucas.guerin@example.fr;Lyon;2024-01-25;4
365;Gabriel;Laurent;gabriel.laurent2@example.fr;Nice;2022-02-23;78
366;Camille;Michel;camille.michel@example.fr;Rennes;2023-06-02;317
367;Antoine;Muller;antoine.muller@example.fr;Grenoble;2023-11-16;9
368;Camille;Lambert;camille.lambert2@example.fr;Rennes;2023-01-01;272
369;Laura;Leroy;laura.leroy@example.fr;Rennes;2023-01-17;417
370;Thomas;Muller;thomas.muller@example.fr;Lille;2022-02-04;269
371;Chloe;Lefebvre;chloe.lefebvre@example.fr;Toulouse;2024-09-09;418
372;Nathan;Leroy;nathan.leroy@example.fr;Lille;2022-06-13;236
373;Maxime;Lefebvre;maxime.lefebvre2@example.fr;Montpellier;2022-05-22;424
374;Alice;Dubois;alice.dubois@example.fr;Nice;2024-01-03;208
375;Pauline;Morel;pauline.morel@example.fr;Rennes;2023-01-21;5
376;Thomas;Simon;thomas.simon@example.fr;Lyon;2023-07-21;402
377;Lea;Fontaine;lea.fontaine@example.fr;Lyon;2024-01-08;109
378;Enzo;Boyer;enzo.boyer@example.fr;Montpellier;2024-08-09;24
379;Margaux;Dubois;margaux.dubois@example.fr;Nice;2023-09-19;337
380;Lucas;Simon;lucas.simon@example.fr;Nantes;2022-04-19;74
381;Alexandre;Guerin;alexandre.guerin2@example.fr;Montpellier;2023-02-10;84
382;Maxime;Lefebvre;maxime.lefebvre3@example.fr;Grenoble;2023-11-18;170
383;Pauline;Mercier;pauline.mercier@example.fr;Montpellier;2022-12-24;41
384;Clement;Andre;clement.andre@example.fr;Nantes;2022-02-14;119
385;Victor;Dubois;victor.dubois@example.fr;Nantes;2024-10-20;204
386;Alexandre;David;alexandre.david@example.fr;Paris;2024-05-26;231
387;Raphael;Lefebvre;raphael.lefebvre@example.fr;Nantes;2024-07-14;96
388;Marie;Fontaine;marie.fontaine@example.fr;Nice;2023-02-25;317
389;Arthur;Blanchard;arthur.blanchard2@example.fr;Toulouse;2024-02-03;138
390;Chloe;Morel;chloe.morel@example.fr;Montpellier;2024-03-24;200
391;Lea;Bertrand;lea.bertrand@example.fr;Lyon;2022-01-10;228
392;Nathan;Mercier;nathan.mercier2@example.fr;Bordeaux;2022-03-03;96
393;Gabriel;Girard;gabriel.girard2@example.fr;Rennes;2024-09-14;53
394;Camille;Dubois;camille.dubois2@example.fr;Nantes;2024-02-20;307
395;Nina;David;nina.david2@example.fr;Lille;2022-05-14;199
396;Alexandre;Dubois;alexandre.dubois@example.fr;Montpellier;2024-04-19;267
397;Louis;Muller;louis.muller2@example.fr;Lille;2022-03-09;155
398;Sarah;Bonnet;sarah.bonnet@example.fr;Marseille;2022-03-14;142
399;Gabriel;Roux;gabriel.roux@example.fr;Strasbourg;2022-06-09;484
400;Jules;Andre;jules.andre@example.fr;Nice;2023-10-20;101
401;Ines;Moreau;ines.moreau2@example.fr;Marseille;2023-01-13;171
402;Victor;Rousseau;victor.rousseau@example.fr;Lille;2023-08-11;221
403;Victor;Guerin;victor.guerin@example.fr;Nice;2024-03-10;165
404;Juliette;Faure;juliette.faure3@example.fr;Toulouse;2023-06-06;494
405;Pauline;David;pauline.david2@example.fr;Bordeaux;2024-12-21;252
406;Maxime;Blanchard;maxime.blanchard@example.fr;Toulouse;2023-07-09;419
407;Nina;Morel;nina.morel@example.fr;Nantes;2022-10-07;304
408;Sophie;Simon;sophie.simon@example.fr;Nice;2024-01-24;237
409;Thomas;Michel;thomas.michel@example.fr;Strasbourg;2023-12-03;420
410;Alice;Blanchard;alice.blanchard2@example.fr;Lille;2024-08-05;325
411;Arthur;Lefebvre;arthur.lefebvre2@example.fr;Bordeaux;2024-03-23;217
412;Nina;Morel;nina.morel2@example.fr;Lyon;2023-10-16;299
413;Pauline;Lambert;pauline.lambert2@example.fr;Rennes;2024-07-18;19
414;Nina;Bertrand;nina.bertrand@example.fr;Montpellier;2024-10-21;469
415;Emma;Moreau;emma.moreau@example.fr;Toulouse;2024-11-12;86
416;Antoine;Rousseau;antoine.rousseau3@example.fr;Paris;2024-11-22;332
417;Pauline;Mercier;pauline.mercier2@example.fr;Nantes;2023-02-01;51
418;Sarah;Lefebvre;sarah.lefebvre@example.fr;Rennes;2024-09-18;298
419;Thomas;Fontaine;thomas.fontaine@example.fr;Toulouse;2023-06-13;238
420;Alexandre;Muller;alexandre.muller2@example.fr;Grenoble;2024-09-05;177
421;Camille;Bonnet;camille.bonnet@example.fr;Lyon;2023-07-03;60
422;Victor;Andre;victor.andre@example.fr;Marseille;2023-05-11;234
423;Nina;Michel;nina.michel@example.fr;Rennes;2023-06-16;50
424;Ines;Andre;ines.andre@example.fr;Montpellier;2023-06-03;154
425;Lucas;Blanchard;lucas.blanchard2@example.fr;Montpellier;2022-01-28;176
426;Antoine;Moreau;antoine.moreau2@example.fr;Nice;2022-12-08;265
427;Louis;Lambert;louis.lambert@example.fr;Marseille;2023-09-14;491
428;Ines;Lefebvre;ines.lefebvre@example.fr;Lille;2024-03-06;328
429;Marie;Fournier;marie.fournier@example.fr;Lille;2022-12-20;453
430;Manon;Girard;manon.girard@example.fr;Grenoble;2023-07-01;361
431;Manon;Michel;manon.michel@example.fr;Bordeaux;2024-02-19;53
432;Nina;Boyer;nina.boyer@example.fr;Rennes;2022-06-11;101
433;Ines;Moreau;ines.moreau3@example.fr;Bordeaux;2024-08-17;495
434;Antoine;David;antoine.david@example.fr;Grenoble;2023-10-13;301
435;Hugo;Bertrand;hugo.bertrand@example.fr;Nantes;2023-10-06;417
436;Marie;Faure;marie.faure@example.fr;Bordeaux;2024-10-03;345
437;Chloe;David;chloe.david@example.fr;Lyon;2022-05-04;94
438;Nathan;Faure;nathan.faure2@example.fr;Marseille;2024-07-14;306
439;Chloe;Fontaine;chloe.fontaine@example.fr;Lille;2023-03-16;326
440;Sophie;Faure;sophie.faure2@example.fr;Nice;2022-09-06;251
441;Arthur;Laurent;arthur.laurent@example.fr;Marseille;2023-08-20;28
442;Alice;Bertrand;alice.bertrand@example.fr;Paris;2023-03-07;418
443;Pauline;Lambert;pauline.lambert3@example.fr;Rennes;2024-08-14;351
444;Raphael;Fournier;raphael.fournier@example.fr;Montpellier;2023-08-06;43
445;Maxime;Martin;maxime.martin@example.fr;Toulouse;2023-01-09;116
446;Sophie;Roux;sophie.roux2@example.fr;Marseille;2023-10-24;396
447;Alexandre;Bonnet;alexandre.bonnet2@example.fr;Rennes;2024-02-19;59
448;Sarah;Mercier;sarah.mercier@example.fr;Rennes;2023-09-27;388
449;Lucas;Mercier;lucas.mercier@example.fr;Montpellier;2023-09-07;218
450;Hugo;Andre;hugo.andre2@example.fr;Nice;2022-05-28;17
451;Ines;Leroy;ines.leroy@example.fr;Nantes;2022-08-28;61
452;Alexandre;Blanchard;alexandre.blanchard@example.fr;Toulouse;2022-12-19;353
453;Nathan;Boyer;nathan.boyer@example.fr;Montpellier;2024-11-14;85
454;Juliette;Laurent;juliette.laurent@example.fr;Toulouse;2022-01-19;180
455;Sophie;Leroy;sophie.leroy2@example.fr;Grenoble;2024-03-11;361
456;Arthur;Roux;arthur.roux@example.fr;Grenoble;2023-09-22;418
457;Hugo;Laurent;hugo.laurent2@example.fr;Lille;2022-05-28;336
458;Chloe;Faure;chloe.faure@example.fr;Marseille;2022-03-23;165
459;Victor;Lefebvre;victor.lefebvre@example.fr;Nice;2023-08-05;296
460;Antoine;Leroy;antoine.leroy@example.fr;Nice;2023-07-15;39
461;Antoine;Blanchard;antoine.blanchard2@example.fr;Lyon;2023-09-24;143
462;Thomas;Chevalier;thomas.chevalier@example.fr;Nantes;2023-08-11;298
463;Camille;Boyer;camille.boyer2@example.fr;Montpellier;2022-12-15;326
464;Marie;Faure;marie.faure2@example.fr;Nantes;2022-09-13;112
465;Gabriel;Guerin;gabriel.guerin2@example.fr;Toulouse;2023-05-11;425
466;Arthur;David;arthur.david2@example.fr;Rennes;2024-03-19;437
467;Raphael;Blanchard;raphael.blanchard@example.fr;Nantes;2024-01-02;51
468;Antoine;Blanchard;antoine.blanchard3@example.fr;Strasbourg;2022-02-28;81
469;Ines;Girard;ines.girard2@example.fr;Paris;2023-04-23;466
470;Chloe;Garnier;chloe.garnier@example.fr;Nice;2023-03-28;478
471;Enzo;Leroy;enzo.leroy@example.fr;Lyon;2024-06-09;43
472;Nathan;Muller;nathan.muller@example.fr;Nice;2022-01-13;321
473;Arthur;Andre;arthur.andre@example.fr;Montpellier;2022-07-21;47
474;Thomas;Moreau;thomas.moreau@example.fr;Paris;2022-08-03;68
475;Maxime;Lefebvre;maxime.lefebvre4@example.fr;Rennes;2024-08-01;5
476;Thomas;David;thomas.david2@example.fr;Lyon;2023-12-05;245
477;Emma;Lefebvre;emma.lefebvre@example.fr;Lille;2022-12-26;53
478;Hugo;David;hugo.david@example.fr;Nantes;2023-03-13;397
479;Victor;Mercier;victor.mercier@example.fr;Marseille;2024-11-05;36
480;Clement;Fontaine;clement.fontaine@example.fr;Paris;2024-11-06;226
481;Nathan;Andre;nathan.andre@example.fr;Toulouse;2024-12-05;471
482;Gabriel;Rousseau;gabriel.rousseau2@example.fr;Nice;2023-04-03;460
483;Hugo;Laurent;hugo.laurent3@example.fr;Lyon;2024-12-13;180
484;Gabriel;David;gabriel.david@example.fr;Marseille;2022-05-21;44
485;Jules;Lambert;jules.lambert@example.fr;Grenoble;2024-12-20;146
486;Alexandre;Faure;alexandre.faure2@example.fr;Paris;2024-05-07;266
487;Juliette;Dupont;juliette.dupont@example.fr;Toulouse;2024-07-10;331
488;Lucas;Blanchard;lucas.blanchard3@example.fr;Toulouse;2023-07-04;124
489;Raphael;Vincent;raphael.vincent@example.fr;Grenoble;2022-09-01;185
490;Margaux;David;margaux.david@example.fr;Marseille;2023-10-14;188
491;Sophie;Muller;sophie.muller2@example.fr;Marseille;2023-02-01;301
492;Emma;Martin;emma.martin@example.fr;Bordeaux;2022-01-02;486
493;Nina;Morel;nina.morel3@example.fr;Rennes;2023-11-23;257
494;Alexandre;Fournier;alexandre.fournier2@example.fr;Lille;2024-07-03;328
495;Sophie;Lambert;sophie.lambert2@example.fr;Grenoble;2022-05-03;159
496;Emma;Dupont;emma.dupont3@example.fr;Toulouse;2022-09-11;201
497;Maxime;Vincent;maxime.vincent2@example.fr;Nice;2024-11-03;159
498;Thomas;Fournier;thomas.fournier@example.fr;Montpellier;2022-01-08;45
499;Margaux;Fournier;margaux.fournier@example.fr;Lyon;2023-10-20;29
500;Arthur;Muller;arthur.muller3@example.fr;Montpellier;2024-12-06;62
